{"cameraMode":{"drawMode":0,"name":"Shaded","section":"Shading Mode"},"sceneLighting":false,"audioPlay":false,"sceneViewState":{"m_AlwaysRefresh":false,"showFog":true,"showSkybox":true,"showFlares":true,"showImageEffects":true,"showParticleSystems":true,"showVisualEffectGraphs":true,"m_FxEnabled":true},"in2DMode":false,"pivot":{"x":-4.259256362915039,"y":1.9683195352554322,"z":-1.3827849626541138},"rotation":{"x":-0.0795668363571167,"y":0.060074567794799808,"z":-0.004880188964307308,"w":-0.994942843914032},"size":0.38375553488731387,"orthographic":false}