{"cameraMode":{"drawMode":0,"name":"Shaded","section":"Shading Mode"},"sceneLighting":false,"audioPlay":false,"sceneViewState":{"m_AlwaysRefresh":false,"showFog":true,"showSkybox":true,"showFlares":true,"showImageEffects":true,"showParticleSystems":true,"showVisualEffectGraphs":true,"m_FxEnabled":true},"in2DMode":false,"pivot":{"x":-4.858978748321533,"y":2.213766574859619,"z":-1.2990612983703614},"rotation":{"x":-0.07282339781522751,"y":-0.34673812985420229,"z":-0.026835909113287927,"w":0.934675931930542},"size":0.38375553488731387,"orthographic":false}