{"cameraMode":{"drawMode":0,"name":"Shaded","section":"Shading Mode"},"sceneLighting":false,"audioPlay":false,"sceneViewState":{"m_AlwaysRefresh":false,"showFog":true,"showSkybox":true,"showFlares":true,"showImageEffects":true,"showParticleSystems":true,"showVisualEffectGraphs":true,"m_FxEnabled":true},"in2DMode":false,"pivot":{"x":-2.7172908782958986,"y":2.076965093612671,"z":1.6666772365570069},"rotation":{"x":0.022875012829899789,"y":0.07478895038366318,"z":-0.00005750226046075113,"w":0.9969951510429382},"size":2.2009456157684328,"orthographic":false}