{"cameraMode":{"drawMode":0,"name":"Shaded","section":"Shading Mode"},"sceneLighting":false,"audioPlay":false,"sceneViewState":{"m_AlwaysRefresh":false,"showFog":true,"showSkybox":true,"showFlares":true,"showImageEffects":true,"showParticleSystems":true,"showVisualEffectGraphs":true,"m_FxEnabled":true},"in2DMode":false,"pivot":{"x":2.0767712593078615,"y":2.032278060913086,"z":0.7298475503921509},"rotation":{"x":-0.001460242085158825,"y":0.6461330056190491,"z":-0.001077416818588972,"w":-0.7630915641784668},"size":0.20362527668476106,"orthographic":false}