{"cameraMode":{"drawMode":0,"name":"Shaded","section":"Shading Mode"},"sceneLighting":false,"audioPlay":false,"sceneViewState":{"m_AlwaysRefresh":false,"showFog":true,"showSkybox":true,"showFlares":true,"showImageEffects":true,"showParticleSystems":true,"showVisualEffectGraphs":true,"m_FxEnabled":true},"in2DMode":false,"pivot":{"x":2.629782199859619,"y":1.2656952142715455,"z":4.157057762145996},"rotation":{"x":-0.11627095192670822,"y":0.11505550146102905,"z":-0.013314505107700825,"w":-0.9863483309745789},"size":0.8660253882408142,"orthographic":false}