{"cameraMode":{"drawMode":0,"name":"Shaded","section":"Shading Mode"},"sceneLighting":false,"audioPlay":false,"sceneViewState":{"m_AlwaysRefresh":false,"showFog":true,"showSkybox":true,"showFlares":true,"showImageEffects":true,"showParticleSystems":true,"showVisualEffectGraphs":true,"m_FxEnabled":true},"in2DMode":false,"pivot":{"x":-0.9552698135375977,"y":-0.4598848819732666,"z":10.401439666748047},"rotation":{"x":-0.11813229322433472,"y":-0.09415294229984284,"z":0.010699993930757046,"w":-0.9882779717445374},"size":6.620049476623535,"orthographic":false}