{"cameraMode":{"drawMode":0,"name":"Shaded","section":"Shading Mode"},"sceneLighting":false,"audioPlay":false,"sceneViewState":{"m_AlwaysRefresh":false,"showFog":true,"showSkybox":true,"showFlares":true,"showImageEffects":true,"showParticleSystems":true,"showVisualEffectGraphs":true,"m_FxEnabled":true},"in2DMode":false,"pivot":{"x":-0.4750406742095947,"y":1.9947235584259034,"z":2.887263774871826},"rotation":{"x":-0.22612018883228303,"y":0.29387161135673525,"z":-0.0714881420135498,"w":-0.9261134266853333},"size":0.8660253882408142,"orthographic":false}