{"cameraMode":{"drawMode":0,"name":"Shaded","section":"Shading Mode"},"sceneLighting":false,"audioPlay":false,"sceneViewState":{"m_AlwaysRefresh":false,"showFog":true,"showSkybox":true,"showFlares":true,"showImageEffects":true,"showParticleSystems":true,"showVisualEffectGraphs":true,"m_FxEnabled":true},"in2DMode":false,"pivot":{"x":-4.221860408782959,"y":1.8741527795791627,"z":-1.2560036182403565},"rotation":{"x":0.14530476927757264,"y":0.04006948322057724,"z":-0.004496320616453886,"w":0.9883434772491455},"size":0.8660253882408142,"orthographic":false}