{"cameraMode":{"drawMode":0,"name":"Shaded","section":"Shading Mode"},"sceneLighting":false,"audioPlay":false,"sceneViewState":{"m_AlwaysRefresh":false,"showFog":true,"showSkybox":true,"showFlares":true,"showImageEffects":true,"showParticleSystems":true,"showVisualEffectGraphs":true,"m_FxEnabled":true},"in2DMode":false,"pivot":{"x":1.9163109064102173,"y":2.002084970474243,"z":2.894789934158325},"rotation":{"x":-0.13012157380580903,"y":0.22057196497917176,"z":-0.029403898864984514,"w":-0.9661406874656677},"size":0.7451757192611694,"orthographic":false}